timestamp,project_name,run_id,experiment_id,duration,emissions,emissions_rate,cpu_power,gpu_power,ram_power,cpu_energy,gpu_energy,ram_energy,energy_consumed,water_consumed,country_name,country_iso_code,region,cloud_provider,cloud_region,os,python_version,codecarbon_version,cpu_count,cpu_model,gpu_count,gpu_model,longitude,latitude,ram_total_size,tracking_mode,cpu_utilization_percent,gpu_utilization_percent,ram_utilization_percent,ram_used_gb,on_cloud,pue,wue
2026-10-06T18:03:30,88-lgbm-extended-lr-leaves lgbm-extended learning_rate=0.025;num_leaves=31,d4a4a59b-289c-427b-9b63-e25991ec0880,5b0fa12a-3dd7-45bb-9766-cc326314d9f1,30.04174320003949,4.7059930098623504e-05,1.5664846671934019e-06,18.707550885291038,0.0,10.0,0.000187044418611,0.0,8.333725388899135e-05,0.0002703816724999914,0.0,Spain,ESP,,,,Windows-11-10.0.26200-SP0,3.12.0,3.3.1,16,13th Gen Intel(R) Core(TM) i7-1360P,0,,,,13.731315612792969,process,8.53448275862069,0,89.33793103448276,12.26766980927566,N,1.0,0.0
2026-10-06T18:04:05,88-lgbm-extended-lr-leaves lgbm-extended learning_rate=0.025;num_leaves=63,bdca64a4-8fd0-433c-99d9-7eeb03c68b40,5b0fa12a-3dd7-45bb-9766-cc326314d9f1,25.247287100064568,3.833283751052715e-05,1.5182953066838265e-06,20.891595448891206,0.0,10.0,0.000150200706667,0.0,7.003966972212463e-05,0.00022024037638912464,0.0,Spain,ESP,,,,Windows-11-10.0.26200-SP0,3.12.0,3.3.1,16,13th Gen Intel(R) Core(TM) i7-1360P,0,,,,13.731315612792969,process,3.125,0,89.65833333333335,12.310669581095377,N,1.0,0.0
2026-10-06T18:05:00,88-lgbm-extended-lr-leaves lgbm-extended learning_rate=0.025;num_leaves=127,ebc36df2-8ccd-466a-9ee5-f86e6492402a,5b0fa12a-3dd7-45bb-9766-cc326314d9f1,27.76554179994855,4.404506273479519e-05,1.5863210252528481e-06,14.427938974768834,0.0,10.0,0.00017603678222300002,0.0,7.702304388900908e-05,0.0002530598261120091,0.0,Spain,ESP,,,,Windows-11-10.0.26200-SP0,3.12.0,3.3.1,16,13th Gen Intel(R) Core(TM) i7-1360P,0,,,,13.731315612792969,process,3.1777777777777776,0,89.89629629629628,12.343714537443939,N,1.0,0.0
2026-10-06T18:05:31,88-lgbm-extended-lr-leaves lgbm-extended learning_rate=0.025;num_leaves=255,43400e18-3a55-4bc0-a936-df5941ff8adb,5b0fa12a-3dd7-45bb-9766-cc326314d9f1,25.749499200028367,3.739119147536459e-05,1.4521133473276792e-06,20.133463298234883,0.0,10.0,0.00014341010194500003,0.0,7.1420070277721e-05,0.000214830172222721,0.0,Spain,ESP,,,,Windows-11-10.0.26200-SP0,3.12.0,3.3.1,16,13th Gen Intel(R) Core(TM) i7-1360P,0,,,,13.731315612792969,process,5.82,0,90.336,12.40285140991211,N,1.0,0.0
2026-10-06T18:05:53,88-lgbm-extended-lr-leaves lgbm-extended learning_rate=0.05;num_leaves=31,fc80a585-9c38-4c8f-bc15-69858f91e42e,5b0fa12a-3dd7-45bb-9766-cc326314d9f1,15.655370600055903,2.400325087442824e-05,1.533227892691504e-06,14.065840475666908,0.0,10.0,9.454679750000001e-05,0.0,4.336329083339984e-05,0.00013791008833339983,0.0,Spain,ESP,,,,Windows-11-10.0.26200-SP0,3.12.0,3.3.1,16,13th Gen Intel(R) Core(TM) i7-1360P,0,,,,13.731315612792969,process,1.9466666666666665,0,93.78666666666666,12.877027638753255,N,1.0,0.0
2026-10-06T18:06:28,88-lgbm-extended-lr-leaves lgbm-extended learning_rate=0.05;num_leaves=63,91ba3153-0661-417f-bb57-a6c5cb6f8c9f,5b0fa12a-3dd7-45bb-9766-cc326314d9f1,15.98918519995641,2.757590734490685e-05,1.724659949837971e-06,18.296848170079652,0.0,10.0,0.0001141287125,0.0,4.430798583327689e-05,0.00015843669833327692,0.0,Spain,ESP,,,,Windows-11-10.0.26200-SP0,3.12.0,3.3.1,16,13th Gen Intel(R) Core(TM) i7-1360P,0,,,,13.731315612792969,process,1.7466666666666666,0,93.88666666666667,12.893592580159504,N,1.0,0.0
2026-10-06T18:07:09,88-lgbm-extended-lr-leaves lgbm-extended learning_rate=0.05;num_leaves=127,63b1d298-a03f-4178-ad9d-427fead898a4,5b0fa12a-3dd7-45bb-9766-cc326314d9f1,15.327764899935573,2.623040386043144e-05,1.7112999861148504e-06,24.126463641292844,0.0,10.0,0.00010820554472200002,0.0,4.250059638935555e-05,0.00015070614111135558,0.0,Spain,ESP,,,,Windows-11-10.0.26200-SP0,3.12.0,3.3.1,16,13th Gen Intel(R) Core(TM) i7-1360P,0,,,,13.731315612792969,process,0.0,0,92.82,12.746438344319662,N,1.0,0.0
2026-10-06T18:07:29,88-lgbm-extended-lr-leaves lgbm-extended learning_rate=0.05;num_leaves=255,e030f7cc-3161-4972-b49a-23315f6c70e5,5b0fa12a-3dd7-45bb-9766-cc326314d9f1,16.05847759998869,2.4479500166629356e-05,1.5243973168818068e-06,15.59254966092285,0.0,10.0,9.6184732222e-05,0.0,4.4461634722150246e-05,0.00014064636694415027,0.0,Spain,ESP,,,,Windows-11-10.0.26200-SP0,3.12.0,3.3.1,16,13th Gen Intel(R) Core(TM) i7-1360P,0,,,,13.731315612792969,process,5.84,0,93.06,12.78017349243164,N,1.0,0.0
2026-10-06T18:07:56,88-lgbm-extended-lr-leaves lgbm-extended learning_rate=0.1;num_leaves=31,44365d8e-4e1a-402c-8234-3a019f877386,5b0fa12a-3dd7-45bb-9766-cc326314d9f1,8.347000400070101,1.4561578654547642e-05,1.7445283283352123e-06,15.664767251599898,0.0,10.0,6.0534807222000005e-05,0.0,2.312838527755553e-05,8.366319249955554e-05,0.0,Spain,ESP,,,,Windows-11-10.0.26200-SP0,3.12.0,3.3.1,16,13th Gen Intel(R) Core(TM) i7-1360P,0,,,,13.731315612792969,process,5.4625,0,93.1625,12.79261589050293,N,1.0,0.0
2026-10-06T18:08:09,88-lgbm-extended-lr-leaves lgbm-extended learning_rate=0.1;num_leaves=63,91f12788-5703-488c-9203-79d0158e159f,5b0fa12a-3dd7-45bb-9766-cc326314d9f1,6.71681490004994,1.1370128766478808e-05,1.6927857824985278e-06,12.416860328624228,0.0,10.0,4.6729727778e-05,0.0,1.859706777775298e-05,6.532679555575298e-05,0.0,Spain,ESP,,,,Windows-11-10.0.26200-SP0,3.12.0,3.3.1,16,13th Gen Intel(R) Core(TM) i7-1360P,0,,,,13.731315612792969,process,32.1,0,93.03333333333335,12.775793075561523,N,1.0,0.0
2026-10-06T18:08:19,88-lgbm-extended-lr-leaves lgbm-extended learning_rate=0.1;num_leaves=127,9c201c18-97d1-4cea-8f7f-5aacffcaf8d2,5b0fa12a-3dd7-45bb-9766-cc326314d9f1,6.559327799943276,1.1184904127942568e-05,1.7051906032260338e-06,14.619476921935389,0.0,10.0,4.610432527800001e-05,0.0,1.8158266666513454e-05,6.426259194451346e-05,0.0,Spain,ESP,,,,Windows-11-10.0.26200-SP0,3.12.0,3.3.1,16,13th Gen Intel(R) Core(TM) i7-1360P,0,,,,13.731315612792969,process,0.0,0,93.16666666666667,12.793095906575521,N,1.0,0.0
2026-10-06T18:08:34,88-lgbm-extended-lr-leaves lgbm-extended learning_rate=0.1;num_leaves=255,659f9427-cb87-47ae-8a64-b9b550cd20c0,5b0fa12a-3dd7-45bb-9766-cc326314d9f1,8.43065250001382,1.3968481910168521e-05,1.656868422716465e-06,10.531032855349416,0.0,10.0,5.692291250000001e-05,0.0,2.3332657222312667e-05,8.025556972231267e-05,0.0,Spain,ESP,,,,Windows-11-10.0.26200-SP0,3.12.0,3.3.1,16,13th Gen Intel(R) Core(TM) i7-1360P,0,,,,13.731315612792969,process,8.3375,0,93.225,12.800328254699707,N,1.0,0.0
