variant,criterion,field,n_columns_masked,mdape,mdape_ratio,threshold,passed
b0,sc06,cylinders_volume_cc,1,0.12162162162162182,1.0,1.5,True
b0,sc06,drive_train,1,0.12162162162162182,1.0,1.5,True
b0,sc06,gears,1,0.12162162162162182,1.0,1.5,True
b0,sc06,nr_doors,1,0.12162162162162182,1.0,1.5,True
b0,sc06,nr_prev_owners,1,0.12162162162162182,1.0,1.5,True
b0,sc06,nr_seats,1,0.12162162162162182,1.0,1.5,True
b0,sc06,(all optional fields),6,0.12162162162162182,1.0,1.5,True
b0,sc05,"(P1: make, model, registration date, mileage)",12,0.12162162162162182,1.0,,
b1,sc06,cylinders_volume_cc,1,0.09992616318716871,1.050125781657946,1.5,True
b1,sc06,drive_train,1,0.0966796916397054,1.016008555871697,1.5,True
b1,sc06,gears,1,0.09502857541386829,0.998656946823948,1.5,True
b1,sc06,nr_doors,1,0.11029967411686485,1.1591411878952507,1.5,True
b1,sc06,nr_prev_owners,1,0.09534053955616094,1.0019353834047733,1.5,True
b1,sc06,nr_seats,1,0.095187076743023,1.0003226400404548,1.5,True
b1,sc06,(all optional fields),6,0.10723960351887929,1.1269828529192638,1.5,True
b1,sc05,"(P1: make, model, registration date, mileage)",12,0.23632449374825695,2.483538202677371,,
lgbm-basic,sc06,cylinders_volume_cc,1,0.07227253067063294,1.0585714334133383,1.5,True
lgbm-basic,sc06,drive_train,1,0.07038922757557856,1.030986805638659,1.5,True
lgbm-basic,sc06,gears,1,0.06918911705404741,1.0134088586200158,1.5,True
lgbm-basic,sc06,nr_doors,1,0.07117798160773856,1.0425396387646955,1.5,True
lgbm-basic,sc06,nr_prev_owners,1,0.06863644174072,1.005313856366568,1.5,True
lgbm-basic,sc06,nr_seats,1,0.07064936131254591,1.034796968922904,1.5,True
lgbm-basic,sc06,(all optional fields),6,0.08245219540196395,1.2076723737888901,1.5,True
lgbm-basic,sc05,"(P1: make, model, registration date, mileage)",12,0.196656173641313,2.880411211415574,,
lgbm-extended,sc06,body_color,1,0.06363100145603812,1.0060894393148963,1.5,True
lgbm-extended,sc06,cylinders,1,0.06382864596674619,1.0092144577872102,1.5,True
lgbm-extended,sc06,cylinders_volume_cc,1,0.0650782614645743,1.0289725148160265,1.5,True
lgbm-extended,sc06,drive_train,1,0.06337370087210178,1.0020211802225616,1.5,True
lgbm-extended,sc06,electric_range_km,1,0.0632721836389528,1.0004160598591767,1.5,True
lgbm-extended,sc06,envir_standard,1,0.06333725747554018,1.0014449624108912,1.5,True
lgbm-extended,sc06,equipment_comfort,43,0.06855049102138625,1.0838730099842357,1.5,True
lgbm-extended,sc06,equipment_entertainment,16,0.06375014407002456,1.007973240024633,1.5,True
lgbm-extended,sc06,equipment_extra,38,0.0685845745858246,1.0844119157605236,1.5,True
lgbm-extended,sc06,equipment_safety,36,0.06489751233169065,1.0261146343867014,1.5,True
lgbm-extended,sc06,gears,1,0.06358089914874689,1.0052972562422184,1.5,True
lgbm-extended,sc06,has_full_service_history,1,0.06304325336934453,0.9967963725790461,1.5,True
lgbm-extended,sc06,is_rental,1,0.0632721836389528,1.0004160598591767,1.5,True
lgbm-extended,sc06,model_version,1,0.06565654434547882,1.0381159242564169,1.5,True
lgbm-extended,sc06,non_smoking,1,0.06341864637270524,1.0027318274301666,1.5,True
lgbm-extended,sc06,nr_doors,1,0.06413985209915837,1.0141350341745903,1.5,True
lgbm-extended,sc06,nr_prev_owners,1,0.06372473478752895,1.00757148600231,1.5,True
lgbm-extended,sc06,nr_seats,1,0.0646155099543844,1.0216558076013722,1.5,True
lgbm-extended,sc06,original_market,1,0.0632824242210593,1.000577976869345,1.5,True
lgbm-extended,sc06,paint_type,1,0.0637286638534111,1.007633609677876,1.5,True
lgbm-extended,sc06,upholstery,1,0.06391162639174816,1.0105264869452304,1.5,True
lgbm-extended,sc06,upholstery_color,1,0.06290250103169008,0.9945708938464685,1.5,True
lgbm-extended,sc06,weight_kg,1,0.06393563128339697,1.010906035709624,1.5,True
lgbm-extended,sc06,(all optional fields),152,0.10011639382921857,1.5829712597476286,1.5,False
lgbm-extended,sc05,"(P1: make, model, registration date, mileage)",158,0.18899978033978804,2.9883339674304623,,
