variant,segment,level,n,mdape,within_10pct,within_20pct,mae_eur,mape,counts_toward_sc04,excluded_because
b0,make,BMW,7219,0.1257822277847316,0.4139077434547721,0.7075772267627095,5233.278916747472,0.18609477576120506,True,
b0,make,Porsche,4510,0.14936374570666594,0.352549889135255,0.6261640798226165,20649.586141906875,0.19109044971174624,True,
b0,make,Audi,2431,0.09909909909909939,0.5063759769642122,0.7865076100370219,7168.664747017689,0.14294938108888453,True,
b0,make,Mercedes-Benz,2220,0.07216471261009746,0.6265765765765766,0.9,9254.77454954955,0.10547981677043053,True,
b0,make,Alfa Romeo,1300,0.13710123203399752,0.3984615384615385,0.6346153846153846,4669.3111538461535,0.2652645548349792,True,
b0,make,Suzuki,824,0.12362386847505231,0.4308252427184466,0.7063106796116505,2244.4854368932033,0.2258915980985407,True,
b0,make,Volvo,714,0.1834168636721823,0.26330532212885155,0.5294117647058824,3151.594537815126,0.32559545568372394,True,
b0,make,Honda,177,0.18461538461538518,0.2937853107344633,0.536723163841808,3390.5282485875705,0.2851532824959115,False,below_sc04_min_segment_rows
b0,make,Hyundai,105,0.1360946745562128,0.4095238095238095,0.6571428571428571,2301.509523809524,0.22071011811000585,False,below_sc04_min_segment_rows
b0,make,Aston Martin,84,0.20767602787418749,0.2619047619047619,0.47619047619047616,52469.999999999985,0.2613750789907701,False,below_sc04_min_segment_rows
b0,make,Volkswagen,81,0.23619079386257516,0.25925925925925924,0.4444444444444444,3844.981481481481,0.5678377210635176,False,below_sc04_min_segment_rows
b0,country_code,DE,8030,0.10918636596479575,0.46612702366127023,0.7412204234122043,8413.61805728518,0.1779558545089383,True,
b0,country_code,IT,4529,0.1229452054794518,0.4305586222124089,0.6972841686906602,8079.540295871053,0.1944571170512598,True,
b0,country_code,NL,3089,0.1484230055658631,0.3425056652638394,0.6235027516995791,13443.973939786341,0.2085998544566314,True,
b0,country_code,BE,1679,0.12039216380271535,0.42942227516378795,0.7200714711137582,6807.731685527099,0.19649539395216514,True,
b0,country_code,AT,1133,0.1252345215759859,0.4077669902912621,0.7175639894086496,9055.164607237422,0.1723352290211775,True,
b0,country_code,FR,1058,0.1341235647470664,0.3780718336483932,0.6606805293005671,14614.247637051041,0.1804257169126381,True,
b0,country_code,LU,147,0.1184745762711862,0.4421768707482993,0.7482993197278912,12096.72448979593,0.1486620906828574,False,below_sc04_min_segment_rows
b0,seller_type,Dealer,15797,0.1154639175257732,0.4451478128758625,0.725327593846933,10039.63876052415,0.16865048285889536,True,
b0,seller_type,PrivateSeller,3868,0.1508035714285708,0.3534126163391934,0.6228024819027922,6725.860522233713,0.2657162317159062,True,
b0,fuel_category,Gasoline,8989,0.13533653846153873,0.3899210145733675,0.6574702414061631,13019.189954388698,0.20630337074618296,True,
b0,fuel_category,Diesel,6348,0.11760467089862504,0.44029615626969126,0.7095148078134845,4729.85790800252,0.20062229083675712,True,
b0,fuel_category,Electric/Gasoline,2686,0.10358328177952103,0.47952345495160087,0.7997021593447505,8999.906552494416,0.12862577561773697,True,
b0,fuel_category,Electric,970,0.10639575992959305,0.46494845360824744,0.7793814432989691,9707.523711340202,0.1312090988450459,True,
b0,fuel_category,Electric/Diesel,541,0.07856021969399707,0.5822550831792976,0.8650646950092421,5648.064695009242,0.10927782086982131,True,
b0,fuel_category,Others,69,0.15319252245690773,0.34782608695652173,0.6956521739130435,9771.942028985532,0.1702407041877935,False,below_sc04_min_segment_rows
b0,fuel_category,LPG,44,0.21020202020202067,0.29545454545454547,0.4772727272727273,1945.1818181818182,0.39366865278803426,False,below_sc04_min_segment_rows
b0,fuel_category,CNG,10,0.1425533063427794,0.4,0.7,2984.449999999998,0.16443013052839517,False,below_sc04_min_segment_rows
b0,fuel_category,(missing),5,0.19151670951156746,0.4,0.6,24002.199999999975,0.1763053991486469,False,absence_of_a_required_field
b0,fuel_category,Ethanol,3,0.08125765618619826,0.6666666666666666,0.6666666666666666,602.6666666666675,0.1586474125848838,False,below_sc04_min_segment_rows
b0,age_bucket,3-6,5862,0.11421491634570817,0.4464346639372228,0.759467758444217,7656.438672807915,0.14378825548544857,True,
b0,age_bucket,0-1,4037,0.08535757904736017,0.5650235323259847,0.8432003963339113,10680.308397324747,0.11692297977876391,True,
b0,age_bucket,6-10,3996,0.13315548419066045,0.3958958958958959,0.6691691691691691,7795.085335335335,0.18412089463749307,True,
b0,age_bucket,10-20,2910,0.17948717948717996,0.2893470790378007,0.5432989690721649,6728.6671821305845,0.3066256010007619,True,
b0,age_bucket,1-3,2076,0.1135142594630322,0.4527938342967245,0.7157996146435452,18353.6524566474,0.1556941986805184,True,
b0,age_bucket,over 20,784,0.3074964085150842,0.1747448979591837,0.34438775510204084,9925.495535714286,0.5431230722348598,True,
b0,price_bucket,20000-40000,6502,0.10724400653136318,0.4730852045524454,0.7863734235619809,3977.2080898185172,0.13673368826037535,False,target_conditioned
b0,price_bucket,40000-80000,5430,0.09851641940323436,0.5069981583793739,0.7795580110497238,7775.815101289138,0.13341523908005157,False,target_conditioned
b0,price_bucket,over 80000,3665,0.14140950792327,0.3727148703956344,0.6450204638472032,28634.15729877217,0.18031130903578316,False,target_conditioned
b0,price_bucket,10000-20000,2432,0.14752500161881202,0.36348684210526316,0.6328125,3227.314555921051,0.2049646438834061,False,target_conditioned
b0,price_bucket,5000-10000,881,0.2235817575083424,0.24971623155505107,0.4551645856980704,2573.372871736663,0.34038278521961063,False,target_conditioned
b0,price_bucket,0-5000,755,0.3999999999999998,0.13245033112582782,0.28741721854304636,1945.9099337748344,0.8202419568296537,False,target_conditioned
b1,make,BMW,7219,0.09184368057064228,0.5341460036016069,0.8240753566976036,3949.857486283167,0.13229827345040493,True,
b1,make,Porsche,4510,0.11255332253718048,0.4543237250554324,0.734589800443459,16026.506903516529,0.15488025738645497,True,
b1,make,Audi,2431,0.09159846169815868,0.5429864253393665,0.8728918140682846,5741.180968985694,0.10729707297182832,True,
b1,make,Mercedes-Benz,2220,0.06247736438934953,0.6972972972972973,0.9261261261261261,8203.352512925705,0.09264552182037435,True,
b1,make,Alfa Romeo,1300,0.10134782625151971,0.49538461538461537,0.7584615384615384,4564.968070494226,0.21202826299934413,True,
b1,make,Suzuki,824,0.12527492858620998,0.4186893203883495,0.7002427184466019,2119.9417838688087,0.19982468503570613,True,
b1,make,Volvo,714,0.1241482129071553,0.4215686274509804,0.6792717086834734,2152.6098529419446,0.22671638622655402,True,
b1,make,Honda,177,0.15109837468361492,0.3785310734463277,0.6666666666666666,2787.118512733668,0.19402522257843857,False,below_sc04_min_segment_rows
b1,make,Hyundai,105,0.1014614004548445,0.49523809523809526,0.7904761904761904,1995.2435921406582,0.1363444904946312,False,below_sc04_min_segment_rows
b1,make,Aston Martin,84,0.18003030498889078,0.21428571428571427,0.5238095238095238,52826.07098836327,0.2630628032209512,False,below_sc04_min_segment_rows
b1,make,Volkswagen,81,0.13444406773724726,0.3333333333333333,0.7037037037037037,1913.6830661809358,0.199093599874194,False,below_sc04_min_segment_rows
b1,country_code,DE,8030,0.08468046841950361,0.5721046077210461,0.838107098381071,6706.157532977421,0.128500314876241,True,
b1,country_code,IT,4529,0.10260810313113895,0.49039523073526164,0.7730183263413557,7199.526398076515,0.14717451455203506,True,
b1,country_code,NL,3089,0.10432708940407809,0.4813855616704435,0.7840725153771447,8529.696949254343,0.15217482405172938,True,
b1,country_code,BE,1679,0.09035474239277158,0.543776057176891,0.8147706968433591,5807.482756863046,0.13594890048500183,True,
b1,country_code,AT,1133,0.10634266726603708,0.46337157987643424,0.7969991173874669,8655.88568450366,0.188955667751443,True,
b1,country_code,FR,1058,0.1263135820578386,0.40737240075614367,0.7136105860113422,12152.233994029677,0.16284541555228474,True,
b1,country_code,LU,147,0.1272966688769132,0.38095238095238093,0.7551020408163265,15340.232153447336,0.1770024033398286,False,below_sc04_min_segment_rows
b1,seller_type,Dealer,15797,0.0913511001603476,0.5394695195290244,0.8226245489649934,8026.345553893759,0.1303899559667209,True,
b1,seller_type,PrivateSeller,3868,0.11638026204540101,0.44079627714581177,0.7225956566701137,5347.237055232693,0.19373412108941546,True,
b1,fuel_category,Gasoline,8989,0.10516578900172226,0.4798086550228057,0.7508065413282902,10120.309029146805,0.16164457853143083,True,
b1,fuel_category,Diesel,6348,0.08915055246275626,0.5477315689981096,0.8380592312539382,3605.473902150878,0.13017350643679307,True,
b1,fuel_category,Electric/Gasoline,2686,0.08331607090615202,0.5815338793745346,0.8804914370811616,7931.231562051983,0.1226742976493675,True,
b1,fuel_category,Electric,970,0.10307244408699395,0.4814432989690722,0.788659793814433,9413.58307024719,0.13296919138344526,True,
b1,fuel_category,Electric/Diesel,541,0.0801206013711543,0.6136783733826248,0.9020332717190388,5136.641532076617,0.09687170176578963,True,
b1,fuel_category,Others,69,0.05954026545724184,0.6521739130434783,0.8695652173913043,4157.673738289482,0.08704176313950092,False,below_sc04_min_segment_rows
b1,fuel_category,LPG,44,0.164362631871099,0.45454545454545453,0.6136363636363636,1275.5810896686273,0.2398479689536357,False,below_sc04_min_segment_rows
b1,fuel_category,CNG,10,0.09435247711034839,0.6,0.9,2317.824746801008,0.15185104197288418,False,below_sc04_min_segment_rows
b1,fuel_category,(missing),5,0.08618172401599723,0.6,1.0,6904.935062595762,0.07393450697420048,False,absence_of_a_required_field
b1,fuel_category,Ethanol,3,0.0926631723890466,0.6666666666666666,0.6666666666666666,730.9497707100555,0.14364482391143432,False,below_sc04_min_segment_rows
b1,age_bucket,3-6,5862,0.08680121964959006,0.5590242238143979,0.8580689184578643,5611.325469920411,0.10919636403205152,True,
b1,age_bucket,0-1,4037,0.07714540478573302,0.6150606886301709,0.8867971265791429,9542.031303837111,0.1172305279684925,True,
b1,age_bucket,6-10,3996,0.09369888962034234,0.5315315315315315,0.8333333333333334,5563.79222902887,0.11881094262524819,True,
b1,age_bucket,10-20,2910,0.13472620223672635,0.39037800687285223,0.6563573883161512,5284.363995195,0.21323664431670802,True,
b1,age_bucket,1-3,2076,0.09561475562411481,0.5197495183044316,0.802504816955684,14971.411367272509,0.13041972916783562,True,
b1,age_bucket,over 20,784,0.29354099359441865,0.16326530612244897,0.3494897959183674,9399.821931838454,0.42056947445270393,True,
b1,price_bucket,20000-40000,6502,0.08883099873970833,0.5533681944017226,0.8574284835435251,3499.1490253486436,0.11885367800843823,False,target_conditioned
b1,price_bucket,40000-80000,5430,0.0820521020342997,0.5830570902394107,0.8655616942909761,6323.903019308977,0.10715700764665213,False,target_conditioned
b1,price_bucket,over 80000,3665,0.1052304667288015,0.4761255115961801,0.7631650750341065,22665.584706374288,0.14463904094028215,False,target_conditioned
b1,price_bucket,10000-20000,2432,0.09445405949354255,0.5230263157894737,0.7964638157894737,2037.2229415792128,0.1285000029808031,False,target_conditioned
b1,price_bucket,5000-10000,881,0.14267823229492932,0.376844494892168,0.6367763904653803,1582.6154671946454,0.2104597226365081,False,target_conditioned
b1,price_bucket,0-5000,755,0.33635019520742876,0.1509933774834437,0.2913907284768212,1280.6025396744942,0.5648416435890754,False,target_conditioned
lgbm-basic,make,BMW,7219,0.07235741058549398,0.6445491065244494,0.8930599806067322,3013.071101570965,0.1008012821367745,True,
lgbm-basic,make,Porsche,4510,0.0643441872476316,0.6831485587583148,0.9172949002217294,8264.891788485897,0.0873342267562563,True,
lgbm-basic,make,Audi,2431,0.06322184998363371,0.693130399012752,0.9370629370629371,4288.822912709548,0.08193249635752703,True,
lgbm-basic,make,Mercedes-Benz,2220,0.052251099737709084,0.7518018018018018,0.9468468468468468,6943.690348744863,0.0789142516054895,True,
lgbm-basic,make,Alfa Romeo,1300,0.07232735531815834,0.6376923076923077,0.8515384615384616,2100.40864711002,0.12420837827120916,True,
lgbm-basic,make,Suzuki,824,0.07854572620953688,0.5898058252427184,0.8410194174757282,1421.2168184102884,0.1325981886845321,True,
lgbm-basic,make,Volvo,714,0.09225662740506946,0.5406162464985994,0.7857142857142857,1560.0233075563133,0.17055726155760484,True,
lgbm-basic,make,Honda,177,0.10543940022417798,0.4858757062146893,0.7570621468926554,2020.2574322993332,0.15621016844901017,False,below_sc04_min_segment_rows
lgbm-basic,make,Hyundai,105,0.10441925481231738,0.4857142857142857,0.7619047619047619,1438.8472589529358,0.13387026792612838,False,below_sc04_min_segment_rows
lgbm-basic,make,Aston Martin,84,0.13465726255025176,0.39285714285714285,0.7261904761904762,36556.271250315745,0.163391386957723,False,below_sc04_min_segment_rows
lgbm-basic,make,Volkswagen,81,0.1115606258692247,0.4691358024691358,0.7530864197530864,1734.5983038671852,0.1613874420368384,False,below_sc04_min_segment_rows
lgbm-basic,country_code,DE,8030,0.06374867275036245,0.6865504358655043,0.9085927770859278,4667.600085192942,0.09481895881261955,True,
lgbm-basic,country_code,IT,4529,0.06931857322605904,0.6511371163612276,0.893353941267388,4065.965901795797,0.1020063192645027,True,
lgbm-basic,country_code,NL,3089,0.07055616757741451,0.6432502427970217,0.8834574295888638,5525.019363618492,0.10522403904495213,True,
lgbm-basic,country_code,BE,1679,0.06976736237993464,0.6634901727218583,0.9070875521143538,3705.2802373073446,0.09798516314340075,True,
lgbm-basic,country_code,AT,1133,0.07220218847809859,0.6434245366284201,0.9055604589585172,4538.788315924266,0.09855173050713904,True,
lgbm-basic,country_code,FR,1058,0.08422510013870171,0.5642722117202268,0.8525519848771267,8113.469786817599,0.11491936095805419,True,
lgbm-basic,country_code,LU,147,0.04903121988523583,0.7346938775510204,0.9455782312925171,4710.686105398249,0.07320460927366373,False,below_sc04_min_segment_rows
lgbm-basic,seller_type,Dealer,15797,0.06446090188853644,0.6863328480091156,0.9184022282711908,4974.436458048646,0.08964311304106194,True,
lgbm-basic,seller_type,PrivateSeller,3868,0.08573537804720646,0.5571354705274043,0.8151499482936918,3883.4888604145085,0.13982668566537682,True,
lgbm-basic,fuel_category,Gasoline,8989,0.06903453997185136,0.6490154633440872,0.8808543775725887,5820.557976849912,0.10695945822220214,True,
lgbm-basic,fuel_category,Diesel,6348,0.0707478736985034,0.6494959042218021,0.8935097668557026,2928.1745808149185,0.10137075177673463,True,
lgbm-basic,fuel_category,Electric/Gasoline,2686,0.06265897467346843,0.7058823529411765,0.953090096798213,5257.006715264903,0.07840856673777911,True,
lgbm-basic,fuel_category,Electric,970,0.06257280742544763,0.6917525773195876,0.9144329896907216,6185.094777390416,0.08525399986579851,True,
lgbm-basic,fuel_category,Electric/Diesel,541,0.057352389608471034,0.7375231053604436,0.9482439926062847,3984.953464151467,0.07355730190104333,True,
lgbm-basic,fuel_category,Others,69,0.07273072812214249,0.6811594202898551,0.9565217391304348,4417.888361795365,0.08312788006894224,False,below_sc04_min_segment_rows
lgbm-basic,fuel_category,LPG,44,0.13482179479189454,0.38636363636363635,0.6363636363636364,1182.0913277943757,0.2176357370608863,False,below_sc04_min_segment_rows
lgbm-basic,fuel_category,CNG,10,0.07457177638362575,0.6,0.9,2271.844380086659,0.27703027428930727,False,below_sc04_min_segment_rows
lgbm-basic,fuel_category,(missing),5,0.06605562334980412,0.6,1.0,7244.145456447559,0.07882820251832935,False,absence_of_a_required_field
lgbm-basic,fuel_category,Ethanol,3,0.16931101923230502,0.3333333333333333,1.0,650.8217049083843,0.1364147527874073,False,below_sc04_min_segment_rows
lgbm-basic,age_bucket,3-6,5862,0.06315053236651898,0.7060730126236779,0.9472876151484135,3676.596752658018,0.0783733048146305,True,
lgbm-basic,age_bucket,0-1,4037,0.055477520657636024,0.753034431508546,0.9566509784493435,6228.629259811394,0.07498829822779231,True,
lgbm-basic,age_bucket,6-10,3996,0.06926264947853805,0.6634134134134134,0.9169169169169169,3760.439107312983,0.0917131955950705,True,
lgbm-basic,age_bucket,10-20,2910,0.1020697370051813,0.49209621993127145,0.7553264604810996,3474.1381593822434,0.15897126079249682,True,
lgbm-basic,age_bucket,1-3,2076,0.057775001165090184,0.714354527938343,0.9388246628131022,8484.145735705375,0.07892303790425678,True,
lgbm-basic,age_bucket,over 20,784,0.1676658422330046,0.32142857142857145,0.5548469387755102,5300.737104577207,0.2574659169656466,True,
lgbm-basic,price_bucket,20000-40000,6502,0.06617556522106605,0.6871731774838511,0.9307905259920025,2456.311240098341,0.08396735221271459,False,target_conditioned
lgbm-basic,price_bucket,40000-80000,5430,0.0575831758341817,0.7386740331491712,0.9476979742173113,4355.1061172749205,0.07511481764297451,False,target_conditioned
lgbm-basic,price_bucket,over 80000,3665,0.0632878435584312,0.6845839017735335,0.9236016371077762,13126.594779284698,0.08589252600563455,False,target_conditioned
lgbm-basic,price_bucket,10000-20000,2432,0.07664693029509476,0.6130756578947368,0.8836348684210527,1622.6782812725387,0.10263014524777776,False,target_conditioned
lgbm-basic,price_bucket,5000-10000,881,0.129227582967357,0.3938706015891033,0.6617480136208853,1400.3646811592503,0.18711503108964506,False,target_conditioned
lgbm-basic,price_bucket,0-5000,755,0.22162860119054933,0.22649006622516557,0.45827814569536424,919.6039863854716,0.3627440126247522,False,target_conditioned
lgbm-extended,make,BMW,7219,0.0620699807299561,0.6924781825737637,0.9076049314309461,2794.212740011064,0.09106512310222029,True,
lgbm-extended,make,Porsche,4510,0.06593414218126623,0.6776053215077605,0.9141906873614191,8526.640020642963,0.0895954039363197,True,
lgbm-extended,make,Audi,2431,0.05706598103256237,0.74413821472645,0.9502262443438914,4015.382412447041,0.0750035184896044,True,
lgbm-extended,make,Mercedes-Benz,2220,0.04529848930940942,0.8252252252252252,0.9572072072072072,6371.394176325964,0.06953877016325256,True,
lgbm-extended,make,Alfa Romeo,1300,0.07545458739312347,0.6,0.8507692307692307,2202.9956258308093,0.12879669605713126,True,
lgbm-extended,make,Suzuki,824,0.07669379629741806,0.5885922330097088,0.8325242718446602,1419.7077992379839,0.13484170819927851,True,
lgbm-extended,make,Volvo,714,0.0890418259683059,0.5378151260504201,0.7661064425770309,1594.2386373773572,0.17492475441609345,True,
lgbm-extended,make,Honda,177,0.11185858810558624,0.4689265536723164,0.768361581920904,2040.9539262718342,0.15785046693366955,False,below_sc04_min_segment_rows
lgbm-extended,make,Hyundai,105,0.11481034218391141,0.4,0.7714285714285715,1464.8556401090518,0.13692739797941691,False,below_sc04_min_segment_rows
lgbm-extended,make,Aston Martin,84,0.1365197906504692,0.38095238095238093,0.6071428571428571,37231.747561811644,0.17836915252866958,False,below_sc04_min_segment_rows
lgbm-extended,make,Volkswagen,81,0.11215234784505383,0.43209876543209874,0.7530864197530864,1531.6806153584052,0.15518548332377763,False,below_sc04_min_segment_rows
lgbm-extended,country_code,DE,8030,0.0550502036650006,0.7349937733499378,0.9190535491905355,4381.624120943506,0.08706952390211929,True,
lgbm-extended,country_code,IT,4529,0.069085368804413,0.6524619121218812,0.8984323250165599,4152.220656165203,0.10062985932140385,True,
lgbm-extended,country_code,NL,3089,0.0677695169493912,0.6759469083845905,0.89025574619618,5510.9912238287625,0.1014744691992919,True,
lgbm-extended,country_code,BE,1679,0.06646302809883319,0.6646813579511615,0.8981536628945801,3864.805875064762,0.09830859638018749,True,
lgbm-extended,country_code,AT,1133,0.0655649910144881,0.6654898499558694,0.9179170344218888,4271.704747508002,0.09346175008538422,True,
lgbm-extended,country_code,FR,1058,0.0817620604557259,0.5812854442344045,0.8449905482041588,7952.92897381956,0.1146950464377561,True,
lgbm-extended,country_code,LU,147,0.051291923384356675,0.7278911564625851,0.9319727891156463,4862.035292261174,0.07360753511012808,False,below_sc04_min_segment_rows
lgbm-extended,seller_type,Dealer,15797,0.05900956234248162,0.7162119389757549,0.924099512565677,4860.254576741906,0.08507423582545003,True,
lgbm-extended,seller_type,PrivateSeller,3868,0.08335247546865873,0.5747156153050672,0.8221302998965874,3798.766279727896,0.13639550278801563,True,
lgbm-extended,fuel_category,Gasoline,8989,0.06592829845062455,0.6614751362776727,0.8795194126154189,5883.826346173504,0.1053833946781305,True,
lgbm-extended,fuel_category,Diesel,6348,0.06190722330594749,0.6959672337744172,0.9111531190926276,2612.6969910683406,0.09302016154567715,True,
lgbm-extended,fuel_category,Electric/Gasoline,2686,0.05729433790760189,0.7386448250186151,0.9519731943410276,5193.688213980899,0.0742396204353868,True,
lgbm-extended,fuel_category,Electric,970,0.058064884132933335,0.7185567010309278,0.9350515463917526,5800.1359841905505,0.0796204593809366,True,
lgbm-extended,fuel_category,Electric/Diesel,541,0.0526145711379616,0.7781885397412199,0.9630314232902033,3691.3959146613324,0.0682859597763089,True,
lgbm-extended,fuel_category,Others,69,0.07486601832657822,0.6811594202898551,0.8985507246376812,4308.823980126187,0.0851862531049949,False,below_sc04_min_segment_rows
lgbm-extended,fuel_category,LPG,44,0.15828101388272386,0.36363636363636365,0.6136363636363636,1223.1187481219495,0.21627968272718998,False,below_sc04_min_segment_rows
lgbm-extended,fuel_category,CNG,10,0.12403392488721462,0.4,0.7,3593.3570282180926,0.3869196850722607,False,below_sc04_min_segment_rows
lgbm-extended,fuel_category,(missing),5,0.07319209472002099,0.6,1.0,6602.811804619851,0.07692178275428949,False,absence_of_a_required_field
lgbm-extended,fuel_category,Ethanol,3,0.1558769300489663,0.3333333333333333,0.6666666666666666,818.8825410888443,0.16068475610975677,False,below_sc04_min_segment_rows
lgbm-extended,age_bucket,3-6,5862,0.055421534536518956,0.7598089389286933,0.9583759808938929,3492.7626602252644,0.07069515018251091,True,
lgbm-extended,age_bucket,0-1,4037,0.04841435799431524,0.8023284617290067,0.964082239286599,5778.50032921003,0.06811751674326016,True,
lgbm-extended,age_bucket,6-10,3996,0.06438272596286215,0.6854354354354354,0.9216716716716716,3575.949372679341,0.08693872964346397,True,
lgbm-extended,age_bucket,10-20,2910,0.10483024334845202,0.4786941580756014,0.7587628865979381,3758.8681860911124,0.1602602209717617,True,
lgbm-extended,age_bucket,1-3,2076,0.060051031028352714,0.7124277456647399,0.9373795761078998,8680.406975672262,0.08007055364727078,True,
lgbm-extended,age_bucket,over 20,784,0.18453583081577818,0.2971938775510204,0.5497448979591837,5638.219361314541,0.2577796512773157,True,
lgbm-extended,price_bucket,20000-40000,6502,0.05754015449692278,0.7346970163026761,0.9469394032605353,2238.5823170601093,0.07634346239111114,False,target_conditioned
lgbm-extended,price_bucket,40000-80000,5430,0.05431807483016026,0.7587476979742173,0.9506445672191528,4199.8468394904985,0.07215896553963724,False,target_conditioned
lgbm-extended,price_bucket,over 80000,3665,0.06141416960756182,0.7072305593451569,0.9203274215552524,13226.043244671358,0.08511631771725986,False,target_conditioned
lgbm-extended,price_bucket,10000-20000,2432,0.07172516093414882,0.6377467105263158,0.8877467105263158,1541.4627233623644,0.09780090422650956,False,target_conditioned
lgbm-extended,price_bucket,5000-10000,881,0.13365171304255252,0.3813847900113507,0.6674233825198638,1366.9482849657331,0.18321583646909437,False,target_conditioned
lgbm-extended,price_bucket,0-5000,755,0.22269380475091408,0.21324503311258278,0.44900662251655626,906.0552063954183,0.3603587779199244,False,target_conditioned
